0,832201.OC
1,ON0207
2,h11043.CSI
3,ON0209
4,ON02
5,000011.SH
6,399103.SZ
7,885010.WI
8,300113.SZ
9,002073.SZ
10,000989.SZ
11,002340.SZ
12,002071.SZ
13,600267.SH
14,600502.SH
15,000899.SZ
16,600655.SH
17,603001.SH
18,000551.SZ
19,600976.SH
20,600284.SH
21,002117.SZ
22,000001.SZ
23,000750.SZ
24,002369.SZ
25,600677.SH
26,002460.SZ
27,ON0201
28,000860.SZ
29,EURCNY.EX
30,ON0236
31,EURUSD.FX
32,JRJC.O
33,ON0205
34,744572
35,3783
36,600794
37,h30049.CSI
38,0218.HK
39,ON0204
40,H01085.HK
41,jMhn1VeEUy
42,138AF12
43,08R9CD0B05
44,B8LkKgbyUh
45,CFI.WI
46,ON0241
47,CRFI.WI
48,NH0300
49,1485
50,APFI.WI
51,NH0100
52,CFFI.WI
53,SOFI.WI
54,RUFI.WI
55,CIFI.WI
56,NH0500
57,CCFI.WI
58,0710.HK
59,0x986C414E
60,000564.SZ
61,600280.SH
62,1972.HK
63,831307.OC
64,0984.HK
65,1600280
66,601155.SH
67,CA42A355
68,BX.N
69,1274B92
70,h11045.CSI
71,601901.SH
72,002450.SZ
73,0SO99BE301
74,002102.SZ
75,2oL51622B7
76,002259.SZ
77,1bbZp12DFD
78,300362.SZ
79,2002179
80,4WF7D517B8
81,0SD56CDF80
82,h11041.CSI
83,300003.SZ
84,1558.HK
85,600276.SH
86,833330.OC
87,T26392.OC
88,H01705.HK
89,002773.SZ
90,300015.SZ
91,000538.SZ
92,603939.SH
93,600196.SH
94,0bU9AEE59B
95,1093.HK
96,000409.SZ
97,1000409
98,000048.SZ
99,1000048
100,中芯国际
101,美股
102,港股
103,华虹半导体
104,大族激光
105,A股
106,苹果公司(APPLE)
107,立讯精密
108,蓝思科技
109,TCL集团
110,公司
111,SMI.N
112,0981.HK
113,1347.HK
114,002008.SZ
115,AAPL.O
116,002475.SZ
117,300433.SZ
118,000100.SZ
119,300582.SZ
120,E4BlHLCc9m
121,国网湖南省电力有限公司1
122,公司实体
123,国网湖南省电力有限公司
124,W4L3ms1A0a
125,2002611
126,LRFI.WI
127,RIFI.WI
128,CSFI.WI
129,道琼斯工业指数
130,海外指数
131,纳斯达克指数
132,标普500
133,商务部
134,泰和科技
135,山东泰和水处理科技股份有限公司
136,纳斯达克100
137,纳斯达克生物技术
138,DJI.GI
139,ON0210
140,IXIC.GI
141,SPX.GI
142,1BQ86C3B14
143,A15297.SZ
144,1778A9A177
145,NDX.GI
146,NBI.GI
147,600483
148,300073.SZ
149,08R9CG3368
150,000936.SZ
151,600312.SH
152,600089.SH
153,600406.SH
154,000400.SZ
155,601179.SH
156,002263.SZ
157,h30058.CSI
158,300158.SZ
159,300486.SZ
160,AMZN.O
161,FB.O
162,SNAP.N
163,601857.SH
164,PTR.N
165,0857.HK
166,600028.SH
167,002605.SZ
168,T18927.OC
169,000552.SZ
170,002027.SZ
171,002034.SZ
172,002078.SZ
173,002318.SZ
174,300389.SZ
175,300415.SZ
176,3888.HK
177,A17083.SZ
178,830899.OC
179,BTCGBPGD.DC
180,ON023601
181,601933.SH
182,A18046.SH
183,KDY9w0TEgc
184,h30042.CSI
185,ETO.L
186,ON0242
187,1816.HK
188,2327.HK
189,601865.SH
190,300755.SZ
191,6865.HK
192,601238.SH
193,002594.SZ
194,1211.HK
195,000625.SZ
196,2238.HK
197,NIO.N
198,中国农业大学
199,0S44318253
200,300496.SZ
201,000895.SZ
202,870601.OC
203,601888.SH
204,08R9CG0822
205,002146.SZ
206,特斯拉
207,阿尔法
208,三板股
209,吉利汽车
210,比亚迪
211,比亚迪股份
212,通用汽车(GENERAL MOTORS)
213,华友钴业
214,天齐锂业
215,蓝海华腾
216,汇川技术
217,华域汽车
218,景嘉微
219,全志科技
220,继峰股份
221,天成自控
222,福耀玻璃
223,拓普集团
224,松下
225,4aU5041FAB
226,TSLA.O
227,871391.OC
228,0175.HK
229,GM.N
230,603799.SH
231,H00978.HK
232,300484.SZ
233,300124.SZ
234,600741.SH
235,300474.SZ
236,300458.SZ
237,603997.SH
238,603085.SH
239,600660.SH
240,601689.SH
241,600570.SH
242,300253.SZ
243,002439.SZ
244,002152.SZ
245,600271.SH
246,300188.SZ
247,002230.SZ
248,300659.SZ
249,600588.SH
250,0268.HK
251,603019.SH
252,002410.SZ
253,300271.SZ
254,002376.SZ
255,000977.SZ
256,002153.SZ
257,601727.SH
258,08R9CG0109
259,AEP.N
260,MXX.GI
261,600642.SH
262,2002208
263,0ST43BAC97
264,CKGBXxyic7
265,p69fuuTPfO
266,08R9EZY002
267,GOyv5BFQHq
268,NGG.N
269,1HA46A0AF4
270,04J4F5FDB7
271,2007624
272,2021321
273,912000.TW
274,ON0224
275,300192.SZ
276,IQ.O
277,300133.SZ
278,大洋集团
279,台股
280,科斯伍德
281,爱奇艺
282,华策影视
283,上海证券交易所
284,恒大健康
285,赢合科技
286,千禾味业经营情况
287,千禾味业
288,0708.HK
289,300457.SZ
290,603027.SH0104
291,603027.SH
292,899002.CSI
293,835348.OC
294,831513.OC
295,831628.OC
296,831550.OC
297,831827.OC
298,430183.OC
299,A08036.SZ
300,830777.OC
301,835185.OC
302,430335.OC
303,430208.OC
304,834295.OC
305,000009.SZ
306,axR9eWZlVu
307,600739.SH
308,000088.SZ
309,000151.SZ
310,001896.SZ
311,002016.SZ
312,002067.SZ
313,002467.SZ
314,600123.SH
315,600168.SH
316,600300.SH
317,600382.SH
318,600592.SH
319,600604.SH
320,600686.SH
321,601218.SH
322,601886.SH
323,JD.O
324,0700.HK
325,Q823PNEzRn
326,1060.HK
327,3690.HK
328,wprsjyCf5Q
329,豆二指数
330,Wind商品指数
331,连豆指数
332,Wind油脂油料
333,南华农产品收益率指数
334,商品类指数
335,Wind农副产品
336,南华商品收益率指数
337,玉米指数
338,Wind谷物
339,BFI.WI
340,AFI.WI
341,OOFI.WI
342,委内瑞拉IBC
343,富时新加坡STI
344,沥青
345,期货品种主力代码
346,IPSA智利40
347,圣保罗IBOVESPA指数
348,俄铝
349,淡水河谷
350,新加坡REITS指数
351,郑棉指数
352,Wind软商品
353,PP指数
354,Wind化工
355,南华能源化工收益率指数
356,淀粉指数
357,鸡蛋指数
358,棉纱指数
359,原油指数
360,沥青指数
361,塑料指数
362,甲醇指数
363,豆油指数
364,沪胶指数
365,铁矿指数
366,Wind煤焦钢矿
367,南华金属收益率指数
368,焦炭指数
369,菜粕指数
370,豆粕指数
371,菜籽指数
372,棕榈指数
373,IBVC.GI
374,STI.GI
375,BU.SHF
376,ON0245
377,IPSA.GI
378,IBOVESPA.GI
379,4YV5A2C180
380,0486.HK
381,VALE.N
382,FSTRE.GI
383,PPFI.WI
384,JDFI.WI
385,CYFI.WI
386,SCFI.WI
387,BUFI.WI
388,LFI.WI
389,MAFI.WI
390,YFI.WI
391,IFI.WI
392,JJRI.WI
393,NH0400
394,JFI.WI
395,RMFI.WI
396,MFI.WI
397,RSFI.WI
398,PFI.WI
399,0BB861F191
400,PCG.N
401,000198.OF
402,ON0203
403,502029835
404,1BM98CC33A
405,600743
406,HSCEI.HI
407,ON0221
408,HSML100.HI
409,HSML25.HI
410,INTC.O
411,838275.OC
412,CHA.N
413,0728.HK
414,CHL.N
415,0941.HK
416,CHU.N
417,0762.HK
418,1810.HK
419,2382.HK
420,1478.HK
421,0285.HK
422,0763.HK
423,0354.HK
424,h30066.CSI
425,PVC指数
426,Wind非金属建材
427,VFI.WI
428,NMBM.WI
429,GOOGL.O
430,石药集团
431,0J46B6EC9C
432,NVDA.O
433,000630.SZ
434,600585.SH
435,0PI9B3200E
436,NMR.N
437,3490.TWO
438,2014234
439,1000155
440,DEuzpvmVkv
441,iqRALmR4kL
442,0K8CB3FC23
443,h11046.CSI
444,300076.SZ
445,8617F176
446,502037713
447,04O629C934
448,h30037.CSI
449,SichW5XkXC
450,VqrCozuALN
451,6VVWIinHky
452,XHU1A7v5qr
453,002592.SZ
454,002496.SZ
455,NVS.N
456,502030043
457,000939.SZ
458,600145.SH
459,1000939
460,1H744B6E8B
461,B3ydWr0kRw
462,04F63F44E4
463,2FI7DBEB3E
464,ZC9rDvv5jO
465,04T87EB2B5
466,4QU9E119E1
467,1508.HK
468,000595.SZ
469,300033.SZ
470,601009.SH
471,600030.SH
472,601860.SH
473,601288.SH
474,601818.SH
475,601166.SH
476,600000.SH
477,002936.SZ
478,601838.SH
479,601577.SH
480,899001.CSI
481,833815.OC
482,832462.OC
483,AfOxf3glEU
484,831963.OC
485,832414.OC
486,870488.OC
487,836200.OC
488,菜油指数
489,OIFI.WI
490,15V57C4613
491,RBFI.WI
492,FGFI.WI
493,1600818
494,000665.SZ
495,002093.SZ
496,002267.SZ
497,002268.SZ
498,002385.SZ
499,002405.SZ
500,002474.SZ
501,002493.SZ
502,600094.SH
503,600135.SH
504,600239.SH
505,600460.SH
506,600551.SH
507,600823.SH
508,601101.SH
509,601515.SH
510,601997.SH
511,600795.SH
512,16E43B61E5
513,600038.SH
514,600372.SH
515,000768.SZ
516,600705.SH
517,601628.SH
518,LFC.N
519,2628.HK
520,中顺洁柔
521,金太阳
522,中顺洁柔纸业股份有限公司
523,金佰利(KIMBERLY CLARK)
524,家乐福
525,恒安国际
526,维达国际
527,深证红利
528,沪深指数
529,深证新综指
530,002511.SZ
531,835513.OC
532,4JP4D138ED
533,KMB.N
534,08R9G19483
535,1044.HK
536,3331.HK
537,399324.SZ
538,399100.SZ
539,835987.OC
540,831626.OC
541,830946.OC
542,871923.OC
543,430432.OC
544,835092.OC
545,831727.OC
546,871916.OC
547,832286.OC
548,837602.OC
549,voWi8afClj
550,834179.OC
551,833695.OC
552,837037.OC
553,831392.OC
554,837242.OC
555,831698.OC
556,835829.OC
557,603660.SH
558,2318.HK
559,601318.SH
560,601229.SH
561,600036.SH
562,04T4E6EBA9
563,300750.SZ
564,SIEGY.OO
565,1918.HK
566,NAV.N
567,000792.SZ
568,cA0Qrp3uHW
569,1000792
570,002761.SZ
571,300056.SZ
572,001680.OF
573,JRDP2s44ZD
574,2bSTf8FHv3
575,2454.TW
576,831187.OC
577,832209.OC
578,832416.OC
579,832688.OC
580,833180.OC
581,835395.OC
582,835658.OC
583,836114.OC
584,836202.OC
585,837571.OC
586,839779.OC
587,000961.SZ
588,600247.SH
589,B.DCE
590,601601.SH
591,2601.HK
592,2023060
593,399137.SZ
594,000975.SZ
595,CFR.N
596,601633.SH
597,1772.HK
598,6196.HK
599,002624.SZ
600,300467.SZ
601,502036648
602,600157.SH
603,H00035.HK
604,600997.SH
605,1uH6A5F791
606,600348.SH
607,601898.SH
608,600256.SH
609,002384.SZ
610,08R9G19571
611,ERIC.O
612,NOK.N
613,08R9CD453A
614,4333.HK
615,CSCO.O
616,2AF43D25C5
617,0415116DB8
618,011800757.IB
619,1468
620,1467
621,011800840.IB
622,0S2BAD3704
623,bXjsdkYt9Q
624,0DDA763E14
625,002264.SZ
626,1000538
627,11B250
628,600861
629,4QS86F7715
630,870026.OC
631,4Q37F703CC
632,04F63C77E2
633,834223.OC
634,T27693.OC
635,834303.OC
636,871101.OC
637,000001.SH
638,000002.SH
639,000015.SH
640,000300.SH
641,000016.SH
642,881001.WI
643,ON0244
644,000010.SH
645,000009.SH
646,000003.SH
647,399300.SZ
648,000903.SH
649,000852.SH
650,399903.SZ
651,上证企债
652,中证50债
653,000013.SH
654,h11016.CSI
655,3898.HK
656,603508.SH
657,创业板指
658,中小板指
659,创业300
660,创业板综
661,创业板50
662,中小板综
663,中小300
664,399006.SZ
665,399005.SZ
666,399012.SZ
667,399102.SZ
668,399673.SZ
669,399101.SZ
670,399008.SZ
671,002129.SZ
672,600926.SH
673,000333.SZ
674,000830.SZ
675,000932.SZ
676,000969.SZ
677,002024.SZ
678,002158.SZ
679,002237.SZ
680,002521.SZ
681,300147.SZ
682,300273.SZ
683,600048.SH
684,600059.SH
685,600185.SH
686,600223.SH
687,600266.SH
688,600309.SH
689,600383.SH
690,600446.SH
691,600449.SH
692,600487.SH
693,600667.SH
694,h30048.CSI
695,中信重工
696,中信重工机械股份有限公司
697,601608.SH
698,3vC616009A
699,000707.SZ
700,人福医药
701,人福医药集团股份公司
702,18人福医药CP001
703,短期融资券
704,所有债券
705,600079.SH
706,1600079
707,041800025.IB
708,美国AMEX综合
709,罗素2000指数
710,纽约证交所综合指数
711,爱丽家居
712,美国ARCA主要市场
713,XAX.GI
714,RTY.GI
715,NYA.GI
716,A18111.SH
717,XMI.GI
718,002709.SZ
719,AVP.N
720,Ibs0bENzXK
721,ZCFI.WI
722,ENFI.WI
723,0LI9B7A4A1
724,0hU8030570
725,600050.SH
726,002611.SZ
727,0g74E0DDB8
728,600188.SH
729,600295.SH
730,1N4JXCkEsq
731,4548AFCB23
732,A18028.SH0104
733,h11049.CSI
734,833535.OC
735,A18028.SH
736,08R9CD27EE
737,UXIN.O
738,600690.SH
739,ON0232
740,066570.KS
741,002354.SZ
742,4QDC446EA7
743,ginfvm993g
744,nL1dkdUwRh
745,300450.SZ
746,002916.SZ
747,600031.SH
748,002508.SZ
749,300373.SZ
750,603737.SH
751,1474
752,h11042.CSI
753,101463004.IB
754,101564063.IB
755,101656063.IB
756,101664044.IB
757,101756037.IB
758,101800667.IB
759,101800854.IB
760,15BD8D
761,002131.SZ
762,2KK99ACDE0
763,sHS9gcVb93
764,3HZooHcCxT
765,000918.SZ
766,JMFI.WI
767,600892.SH
768,pZnGLqeUbH
769,002353.SZ
770,601808.SH
771,300014.SZ
772,300037.SZ
773,603659.SH
774,601012.SH
775,002202.SZ
776,002142.SZ
777,BABA.N
778,000572.SZ
779,002249.SZ
780,600198.SH
781,000673.SZ
782,000911.SZ
783,000995.SZ
784,002143.SZ
785,002343.SZ
786,002477.SZ
787,002502.SZ
788,002680.SZ
789,300010.SZ
790,300027.SZ
791,300104.SZ
792,300116.SZ
793,300152.SZ
794,300028.SZ
795,300269.SZ
796,600652.SH
797,601258.SH
798,600807.SH
799,601798.SH
800,h30059.CSI
801,000591.SZ
802,000759.SZ
803,000785.SZ
804,1528.HK
805,601828.SH
806,xKXjhb0AJ0
807,601138.SH
808,000828.SZ
809,000990.SZ
810,002115.SZ
811,002157.SZ
812,002159.SZ
813,002714.SZ
814,300068.SZ
815,300142.SZ
816,600297.SH
817,300699.SZ
818,08R9CG0012
819,UPS.N
820,A12093.SZ
821,600398.SH
822,002359.SZ
823,aQkgbdRqMr
824,000338.SZ
825,300502.SZ
826,600583.SH
827,601231.SH
828,300136.SZ
829,600977.SH
830,300251.SZ
831,BIDU.O
832,08R9CG3628
833,QCOM.O
834,4W380D775B
835,4JFCC7D794
836,08R9EZY022
837,430031.OC
838,600340.SH
839,0J33ACD980
840,8296.HK
841,prd4gpl9AN
842,600519.SH
843,tometJT3CV
844,838006.OC
845,839192.OC
846,12C3677
847,6030.HK
848,600081.SH
849,mhjDpheOZ4
850,2002209
851,2331.HK
852,0754.HK
853,0769.HK
854,8032.HK
855,A16041.SH
856,136486.SH
857,hmqfp6uYcC
858,0S49B301CD
859,C76FC6
860,h11047.CSI
861,1000918
862,002675.SZ
863,000971.SZ
864,0039F5F003
865,456DohynnS
866,2000850
867,IBM.N
868,08R9CG2218
869,RHT.N
870,1793.HK
871,8036.HK
872,1703.HK
873,8041.HK
874,8507.HK
875,8125.HK
876,8217.HK
877,8026.HK
878,8372.HK
879,8455.HK
880,8295.HK
881,8080.HK
882,8415.HK
883,8220.HK
884,1341.HK
885,0159.HK
886,0062.HK
887,3869.HK
888,8198.HK
889,0158.HK
890,0103.HK
891,0717.HK
892,1049.HK
893,603988.SH
894,yPrZjwLgB4
895,600787.SH
896,1600787
897,1600081
898,15B3DC
899,600359.SH
900,1600359
901,600117.SH
902,1600117
903,BARC.L
904,1491
905,ACN.N
906,300733.SZ
907,2fP8F4873C
908,MSFT.O
909,4u56394179
910,1000858
911,002572.SZ
912,300420.SZ
913,000925.SZ
914,300036.SZ
915,300250.SZ
916,000862.SZ
917,003322.OF
918,160216.OF
919,161129.OF
920,003321.OF
921,001093.OF
922,006283.OF
923,513050.OF
924,164906.OF
925,001543.OF
926,001487.OF
927,000574.OF
928,601225.SH
929,040005.OF
930,160421.OF
931,3968.HK
932,0914.HK
933,002168.OF
934,11AD8C
935,U052FC03
936,UvbDGJ8KtG
937,DB.N
938,h30051.CSI
939,ISEQ.GI
940,ITLMS.GI
941,FTSE.GI
942,KS11.GI
943,832337.OC
944,300616.SZ
945,600165.SH
946,300179.SZ
947,000933.SZ
948,QYX6JmpzR2
949,GpADPCfqAk
950,BILI.O
951,000002.SZ
952,2202.HK
953,1098.HK
954,08R9CG1794
955,1000981
956,2196.HK
957,DDjoXqLptK
958,ABBV.N
959,BGNE.O
960,iiHhGm0gIi
961,2552.HK
962,0241.HK
963,0297.HK
964,000767.SZ
965,1000767
966,3067.TWO
967,1mC7D9B6A8
968,502037191
969,839043.OC
970,1B88F4420A
971,002076.SZ
972,600651.SH
973,2AF4DBB64E
974,1600651
975,002617.SZ
976,002422.SZ
977,502042547
978,000663.SZ
979,300346.SZ
980,600346.SH
981,300244.SZ
982,600016.SH
983,000004.SZ
984,1000004
985,502039395
986,Wko93VYWaw
987,CCF6E0
988,300103.SZ
989,GA8L7IfcZU
990,300462.SZ
991,A16121.SZ
992,002869.SZ
993,1A860B01A8
994,CEA.N
995,UsfyZYYrRv
996,603258.SH
997,000058.SZ
998,K0IhbdBvL2
999,1000058
1000,GDAXI.GI
1001,834826.OC
1002,太原理工大学
1003,清华大学
1004,雄韬股份
1005,大洋电机
1006,上海电驱动股份有限公司
1007,安徽全柴动力股份有限公司
1008,上海交通大学
1009,南京大学
1010,002733.SZ
1011,b23BYhj7lL
1012,1600218
1013,04I6C17A12
1014,BP_.L
1015,08R9CJ0269
1016,BP.N
1017,835152.OC
1018,XOM.N
1019,TOT.N
1020,世界银行
1021,AMAC电子
1022,AMAC农林
1023,AMAC交运
1024,1B88AF764D
1025,h11030.CSI
1026,华灿光电
1027,利亚德
1028,瑞丰光电
1029,福日电子
1030,超频三
1031,珈伟新能
1032,金昌振新西坡光伏发电有限公司
1033,雷曼股份
1034,深圳市康硕展电子有限公司
1035,飞乐音响
1036,上海华鑫股份有限公司
1037,上海仪电(集团)有限公司
1038,华鑫证券有限责任公司
1039,中国证券登记结算有限责任公司
1040,北京申安投资集团有限公司
1041,茂硕电源
1042,勤上股份
1043,联建光电
1044,深圳市精准分众传媒有限公司
1045,西安绿一传媒有限公司
1046,上海成光广告有限公司
1047,上海友拓公关顾问有限公司
1048,上海励唐营销管理有限公司
1049,深圳市力玛网络科技有限公司
1050,北京远洋林格文化传媒有限公司
1051,雪莱特
1052,聚飞光电
1053,长方集团
1054,厦门信达
1055,佛山照明
1056,乾照光电
1057,德豪润达
1058,300323.SZ
1059,300296.SZ
1060,300241.SZ
1061,600203.SH
1062,300647.SZ
1063,300317.SZ
1064,HtuJVPo8xa
1065,300162.SZ
1066,QH660173
1067,1600621
1068,2007607
1069,502036611
1070,002660.SZ
1071,002638.SZ
1072,2wgvv8leLj
1073,CfeGY6Slmb
1074,7hEUQDOS5F
1075,AmHKdK9qX6
1076,gLxKIr0caS
1077,hQNhc63k1G
1078,zSst8MohDU
1079,300303.SZ
1080,300301.SZ
1081,000701.SZ
1082,000541.SZ
1083,300102.SZ
1084,002005.SZ
1085,300679.SZ
1086,603603.SH
1087,502041011
1088,kzScZbvUtv
1089,834380.OC
1090,h30063.CSI
1091,2CU6B57187
1092,p5A2UkIAax
1093,1600466
1094,08R9CB7B73
1095,UCbFzH3OmB
1096,600708.SH
1097,1600708
1098,101664040.IB
1099,101760047.IB
1100,101800816.IB
1101,1AN5FB4ECA
1102,002707.SZ
1103,aLDJpStZFB
1104,帝亚吉欧
1105,富时100成份
1106,卡特彼勒(CATERPILLAR)
1107,DGE.L
1108,DEO.N
1109,CAT.N
1110,300220.SZ
1111,430542.OC
1112,SSNLF.OO
1113,08R9EZY021
1114,N92B5E8C
1115,N92FD5FB
1116,WDC.O
1117,MU.O
1118,08R9CG4171
1119,STX.O
1120,AMAT.O
1121,D.N
1122,PEG.N
1123,RCL.N
1124,INCY.O
1125,BMY.N
1126,08R9G16026
1127,USDHKD.FX
1128,USDCHF.FX
1129,NZDUSD.FX
1130,AUDUSD.FX
1131,USDCAD.FX
1132,GBPUSD.FX
1133,USDJPY.FX
1134,USDCNY.EX
1135,USDX.FX
1136,摩根大通
1137,MBS
1138,债券型基金指数
1139,jDagFKvIXM
1140,885005.WI
1141,839170.OC
1142,gB8SAfheoL
1143,871102.OC
1144,汽车之家
1145,宝马集团
1146,2AF4DD25B5
1147,3D4C9A
1148,000820.SZ
1149,002425.SZ
1150,2AF46668A8
1151,04A57664CD
1152,502031140
1153,000957.SZ
1154,1000957
1155,R9B31DDB
1156,陶氏杜邦(DOWDUPONT)
1157,英特尔(INTEL)
1158,微软公司(MICROSOFT)
1159,通用电气
1160,德国商业银行
1161,黑石集团
1162,TALLGRASS ENERGY
1163,PAYPAL
1164,联合包裹服务
1165,高特利(ALTRIA)
1166,诺斯罗普-格鲁曼(NORTHROP GRUMMAN)
1167,特许通讯
1168,康菲石油公司
1169,康菲石油(CONOCOPHILLIPS)
1170,雷神公司(RAYTHEON)
1171,斯普林特
1172,亚马逊(AMAZON)
1173,赛门铁克(SYMANTEC)
1174,家庭人寿保险(AFLAC)
1175,DWDP.N
1176,GE.N
1177,3D4C9B
1178,TGE.N
1179,PYPL.O
1180,MO.N
1181,NOC.N
1182,CHTR.O
1183,08R9CG1028
1184,COP.N
1185,RTN.N
1186,S.N
1187,SYMC.O
1188,AFL.N
1189,AORD.GI
1190,FCHI.GI
1191,N225.GI
1192,SX5P.GI
1193,SXXP.GI
1194,SX5E.GI
1195,NBHC.N
1196,CADCNY.EX
1197,08R9G19609
1198,2028150
1199,1AO3E53ABB
1200,E61E32
1201,600186.SH
1202,000504.SZ
1203,3AQ4ECAB43
1204,ULVR.L
1205,UN.N
1206,KecXgVJWoJ
1207,CG.O
1208,pyiwUq8iDc
1209,APO.N
1210,wmcDUmvZgs
1211,2nQkQMI14O
1212,3625CBC362
1213,南洋理工大学
1214,AMAC金融
1215,FicEHAIcsM
1216,600501.SH
1217,08N3AFAF1E
1218,502035051
1219,1600501
1220,E620FE
1221,837621.OC
1222,tHtcSaPaNk
1223,603188.SH
1224,ThZMgphdHU
1225,oqTYkOAdOF
1226,oXLMoWXDRD
1227,国家统计局
1228,四川华体照明科技股份有限公司
1229,0986BBB098
1230,0BS8923C04
1231,601336.SH
1232,300499.SZ
1233,300500.SZ
1234,300501.SZ
1235,002713.SZ
1236,002788.SZ
1237,002926.SZ
1238,502031853
1239,BAC.N
1240,HUYA.N
1241,NTES.O
1242,PDD.O
1243,QTT.O
1244,SINA.O
1245,CNTF.O
1246,LAIX.N
1247,qaCjuc81Tf
1248,RACE.N
1249,000681.SZ
1250,002074.SZ
1251,002235.SZ
1252,300182.SZ
1253,300079.SZ
1254,A16305.SH
1255,834742.OC
1256,3vG900829B
1257,TEDU.O
1258,JMEI.N
1259,JOBS.O
1260,CCIH.O
1261,EHIC.N
1262,SOHU.O
1263,BITA.N
1264,WUBA.N
1265,CMCM.N
1266,TAL.N
1267,YY.O
1268,ATHM.N
1269,MOMO.O
1270,TOUR.O
1271,CYOU.O
1272,XNET.O
1273,JT.N
1274,SECO.O
1275,SFUN.N
1276,CTK.N
1277,YUMC.N
1278,08R9CG0252
1279,0542.HK
1280,1866.HK
1281,1086.HK
1282,1280.HK
1283,0244.HK
1284,1543.HK
1285,1999.HK
1286,600958.SH
1287,3958.HK
1288,2002156
1289,lBR3baAbqI
1290,Fzx90DDf5n
1291,ad59hgEP5U
1292,1896.HK
1293,阿根廷MERV
1294,环渤海
1295,生物柴油
1296,苹果指数
1297,锰硅指数
1298,硅铁指数
1299,玻璃指数
1300,TA指数
1301,郑糖指数
1302,50ETF
1303,基金
1304,上证基金指数
1305,乐富指数
1306,中国基金总指数
1307,MERV.GI
1308,APLFI.WI
1309,SMFI.WI
1310,SFFI.WI
1311,TAFI.WI
1312,SRFI.WI
1313,510050.SH
1314,2768.HK
1315,6160.HK
1316,1663.HK
1317,T18344.OC
1318,K5TcYpbQEs
1319,A17305.SZ
1320,xDCc5nu2YL
1321,8githoP5SB
1322,834013.OC
1323,832793.OC
1324,X5TeIubFvp
1325,835966.OC
1326,ZTO.N
1327,rL3qBfyTPO
1328,0S298C76EE
1329,430037.OC
1330,D948CB
1331,833979.OC
1332,873128.OC
1333,0SCC9E6C40
1334,AsPCjlwBKk
1335,JP.N
1336,1911.HK
1337,qnXJ1cYNhg
1338,45C92B79B1
1339,0114ABA011
1340,2008849
1341,0656.HK
1342,834089.OC
1343,2AI46CDC69
1344,GILD.O
1345,873092.OC
1346,873146.OC
1347,T18737.OC
1348,8CBYN9kp4S
1349,ZjU63A4UDz
1350,jDLt6TIf4I
1351,snTRH0ND2T
1352,502036618
1353,sC9EVd9n6W
1354,6098.HK
1355,399001.SZ
1356,885012.WI
1357,885013.WI
1358,110022.OF
1359,003985.OF
1360,003984.OF
1361,001616.OF
1362,001583.OF
1363,110015.OF
1364,213002.OF
1365,006652.OF
1366,260109.OF
1367,040008.OF
1368,000251.OF
1369,200008.OF
1370,005273.OF
1371,005284.OF
1372,005793.OF
1373,003401.OF
1374,159905.OF
1375,512550.OF
1376,000835.OF
1377,399107.SZ
1378,399108.SZ
1379,399004.SZ
1380,399344.SZ
1381,000905.SH
1382,000906.SH
1383,399106.SZ
1384,885004.WI
1385,399905.SZ
1386,399906.SZ
1387,6068.HK
1388,BASFY.OO
1389,h30039.CSI
1390,Frankfurt
1391,BFA.L
1392,OTC-PINK
1393,Swiss
1394,HSCCI.HI
1395,HSI.HI
1396,HSSCBI.HI
1397,HSSUS.HI
1398,HSHK35.HI
1399,HSUI.HI
1400,HSPI.HI
1401,HSCII.HI
1402,HSEWI.HI
1403,835838.OC
1404,MS.N
1405,1003.HK
1406,ON0233
1407,0416.HK
1408,600547.SH
1409,000883.SZ
1410,600886.SH
1411,600068.SH
1412,HSCI.HI
1413,2608.HK
1414,QFIN.O
1415,002464.SZ
1416,600208.SH
1417,002352.SZ
1418,002468.SZ
1419,04R858BE6D
1420,0BS997AD05
1421,000012.SH
1422,h11001.CSI
1423,h11006.CSI
1424,300443.SZ
1425,600163.SH
1426,h30065.CSI
1427,300111.SZ
1428,601878.SH
1429,2AF62CC640
1430,603225.SH
1431,BpeOTaHBnw
1432,HSBC.N
1433,000429.SZ
1434,1000759
1435,300418.SZ
1436,6ufTXfkUNO
1437,011800533.IB
1438,112209.SZ
1439,002739.SZ
1440,600715.SH
1441,300426.SZ
1442,E1AA38
1443,1600715
1444,2AF466B32C
1445,0259.HK
1446,M.N
1447,GOOS.N
1448,0121.HK
1449,BBY.N
1450,HD.N
1451,873080.OC
1452,08R9CD4635
1453,300267.SZ
1454,300528.SZ
1455,871293.OC
1456,ZNFI.WI
1457,NFFI.WI
1458,PBFI.WI
1459,NIFI.WI
1460,CUFI.WI
1461,2002213
1462,2AF4DDF5B0
1463,3C4C8A
1464,KZbhXADc1l
1465,huDvutSGQs
1466,2011637
1467,870806.OC
1468,08R9EZY007
1469,a1s3000525
1470,0PB5F63BE4
1471,2010994
1472,py7c40ecvK
1473,2AI46B89D1
1474,0V3q1R5Wob
1475,1970.HK
1476,1989.HK
1477,h30044.CSI
1478,上海莱士
1479,002252.SZ
1480,08R9CD4580
1481,4335.HK
1482,港股通
1483,民众金融科技
1484,易鑫集团
1485,维信金科
1486,汇付天下
1487,美图公司
1488,周黑鸭
1489,歌礼制药-B
1490,希望教育
1491,中华人民共和国财政部
1492,501309.SH
1493,0279.HK
1494,2858.HK
1495,2003.HK
1496,1806.HK
1497,QAphXtNlL2
1498,1357.HK
1499,1458.HK
1500,1672.HK
1501,1765.HK
1502,0738.HK
1503,15734C
1504,2359.HK
1505,000018.SZ
1506,48KA591548
1507,rEaMcxg0oL
1508,011800798.IB
1509,1600157
1510,nytaBYcJdG
1511,1000572
1512,兴业消费金融股份公司
1513,中国银行业协会
1514,8BotcXJWB1
1515,aaDERVh4hp
1516,300476.SZ
1517,南方航空
1518,东方航空
1519,中国东方航空股份
1520,中国国航
1521,国泰航空
1522,中国东方航空股份有限公司
1523,中国南方航空股份有限公司
1524,600029.SH
1525,600115.SH
1526,0670.HK
1527,601111.SH
1528,0293.HK
1529,1600115
1530,0D73AF3A4A
1531,048574593F
1532,000126.OF
1533,000314.OF
1534,000391.OF
1535,000392.OF
1536,000393.OF
1537,150096.OF
1538,150096.SZ
1539,150097.OF
1540,150097.SZ
1541,150127.OF
1542,150127.SZ
1543,150145.OF
1544,150145.SZ
1545,150146.OF
1546,150146.SZ
1547,159003.OF
1548,159004.OF
1549,159909.OF
1550,159909.SZ
1551,161706.OF
1552,161706.SZ
1553,161713.OF
1554,161713.SZ
1555,161714.OF
1556,161714.SZ
1557,161715.OF
1558,161716!1.OF
1559,161717.OF
1560,161718.OF
1561,217001.OF
1562,217002.OF
1563,217003.OF
1564,217004.OF
1565,217005.OF
1566,217008.OF
1567,217009.OF
1568,217010.OF
1569,217011.OF
1570,217012.OF
1571,217013.OF
1572,217014.OF
1573,217015.OF
1574,217016.OF
1575,217017.OF
1576,217018.OF
1577,217019.OF
1578,217020.OF
1579,217021.OF
1580,217022.OF
1581,217023.OF
1582,217024.OF
1583,217025.OF
1584,217026.OF
1585,217027.OF
1586,217203.OF
1587,510150.OF
1588,510150.SH
1589,000069.SZ
1590,601333.SH
1591,002196.SZ
1592,600351
1593,07F690D5F2
1594,A16054.SH
1595,600809.SH
1596,000568.SZ
1597,A11231.SZ
1598,833480.OC
1599,uDUaLiAOs5
1600,MCD.N
1601,2633.HK
1602,1373.HK
1603,603680.SH
1604,300760.SZ
1605,002757.SZ
1606,4337.HK
1607,oDxifX5ebQ
1608,006289.OF
1609,006580.OF
1610,000711.SZ
1611,b6R6v20Yn0
1612,000636.SZ
1613,300664.SZ
1614,H8L8TShzVn
1615,300618.SZ
1616,300644.SZ
1617,002688.SZ
1618,jikQOJRiIL
1619,002417.SZ
1620,600084.SH
1621,000929.SZ
1622,603707.SH
1623,603517.SH
1624,1521B4
1625,000608.SZ
1626,1600084
1627,8R0524E3Ew
1628,GOOG.O
1629,xudYTl3h2x
1630,1533.HK
1631,502033524
1632,3320.HK
1633,1475.HK
1634,1052.HK
1635,3380.HK
1636,1337.HK
1637,0996.HK
1638,0296.HK
1639,1128.HK
1640,1055.HK
1641,0315.HK
1642,0101.HK
1643,0322.HK
1644,0968.HK
1645,0002.HK
1646,8609.HK
1647,8523.HK
1648,8326.HK
1649,8250.HK
1650,8392.HK
1651,8428.HK
1652,8451.HK
1653,8487.HK
1654,6826.HK
1655,8509.HK
1656,恒生指数
1657,港股指数
1658,中国神华
1659,中国石油股份
1660,中海石油化学
1661,东岳集团
1662,东方电气
1663,海螺水泥
1664,潍柴动力
1665,中联重科
1666,中国人寿
1667,恒生可持续发展企业指数
1668,恒生香港35
1669,恒生公用事业类
1670,恒生地产类
1671,恒生工商类
1672,恒生等权重
1673,1088.HK
1674,3983.HK
1675,0189.HK
1676,1072.HK
1677,2338.HK
1678,1157.HK
1679,600027.SH
1680,8286.HK
1681,002011.SZ
1682,1AB3C9B5F8
1683,奥马电器
1684,广东奥马电器股份有限公司
1685,002668.SZ
1686,2A63DBFF8E
1687,USDCNY.FX
1688,苹果公司
1689,盛运环保
1690,北京轩慧国信科技有限公司
1691,安徽盛运科技工程有限公司
1692,北京市第二中级人民法院
1693,安徽盛运环保(集团)股份有限公司
1694,300090.SZ
1695,D42CAC
1696,4J35730113
1697,2007810
1698,0SCC9A9A57
1699,0794EFD946
1700,600837.SH
1701,600052.SH
1702,s8wQcgbsyB
1703,I.DCE
1704,002583.SZ
1705,002900.SZ
1706,华电国际
1707,吉林敖东
1708,大秦铁路
1709,新湖中宝
1710,000623.SZ
1711,601006.SH
1712,成都市公安局
1713,12C3643
1714,h30052.CSI
1715,h30036.CSI
1716,1608.HK
1717,药明康德
1718,华润医药
1719,日清食品
1720,越秀交通基建
1721,龙光地产
1722,雷蛇
1723,嘉年华国际
1724,英皇娱乐酒店
1725,中国心连心化肥
1726,永利澳门
1727,三星电子
1728,福莱特玻璃
1729,腾讯控股
1730,中国南方航空股份
1731,数码通电讯
1732,恒隆地产
1733,康师傅控股
1734,信义光能
1735,中电控股
1736,伟工控股
1737,电子交易集团
1738,首沣控股
1739,荟萃国际(控股)
1740,爱世纪集团
1741,仁德资源
1742,联旺集团
1743,朗华国际集团
1744,君百延集团
1745,礼建德集团
1746,中植资本国际
1747,北亚策略
1748,乐嘉思控股
1749,永续农业
1750,常满控股
1751,同景新能源
1752,丝路能源
1753,比高集团
1754,舍图控股
1755,国茂控股
1756,日光控股
1757,ISP GLOBAL
1758,昊海生物科技
1759,威扬酒业控股
1760,uWpTyergPE
1761,002947.SZ
1762,603956.SH
1763,002949.SZ
1764,300758.SZ
1765,600928.SH
1766,005680.OF
1767,006881.OF
1768,006636.OF
1769,006637.OF
1770,006317.OF
1771,006318.OF
1772,006431.OF
1773,006432.OF
1774,006307.OF
1775,006887.OF
1776,006888.OF
1777,006923.OF
1778,006924.OF
1779,006775.OF
1780,006334.OF
1781,006335.OF
1782,006314.OF
1783,006315.OF
1784,006303.OF
1785,006976.OF
1786,510353.SH
1787,510353.OF
1788,006870.OF
1789,006871.OF
1790,006942.OF
1791,006943.OF
1792,006534.OF
1793,006958.OF
1794,006375.OF
1795,006376.OF
1796,006884.OF
1797,006885.OF
1798,160925.SZ
1799,160925.OF
1800,600616.SH
1801,驱动力
1802,vKzSzju4l4
1803,H3h0Tda4C9
1804,600136.SH
1805,000917.SZ
1806,300291.SZ
1807,000793.SZ
1808,rQx5Jy2KSe
1809,835661.OC
1810,49589F0218
1811,070009.OF
1812,82i1T74EHl
1813,雏鹰农牧
1814,汕头市东江畜牧有限公司
1815,庞大集团
1816,利源精制
1817,华闻传媒
1818,雏鹰农牧集团股份有限公司
1819,庞大汽贸集团股份有限公司
1820,吉林利源精制股份有限公司
1821,华闻传媒投资集团股份有限公司
1822,002501.SZ
1823,45A98A08CF
1824,1000793
1825,002910.SZ
1826,1577.HK
1827,nS9PJKH5Wg
1828,127B3B3
1829,0787.HK
1830,1336.HK
1831,08R9CG0002
1832,08R9CG0550
1833,FB5A4
1834,3vA9409DB9
1835,中国人民银行
1836,美团点评-W
1837,同程艺龙
1838,洲际酒店集团
1839,洲际酒店
1840,AMAC社会
1841,0780.HK
1842,08R9CG2270
1843,IHG.N
1844,h30040.CSI
1845,蚬壳电业
1846,中国海外宏洋集团
1847,H01091.HK
1848,0081.HK
1849,1776.HK
1850,1000776
1851,0918.HK
